image_id,crop,symptom_category,symptom_description,crop_stage,approximate_location,source,license,expert_validation_status,confidence,notes
REF-HEA-001,Tomato,healthy,Normal green foliar coloration,Vegetative,Research Station Zone A (Simulated),Project-created ethical synthetic benchmark,CC-BY-4.0 (Non-identifiable synthetic crop asset),Expert Confirmed Healthy,0.92,"Ethical prototype reference image. Contains zero PII, zero human faces, zero private property."
REF-HEA-002,Maize,healthy,Normal green foliar coloration,Flowering,Research Station Zone A (Simulated),Project-created ethical synthetic benchmark,CC-BY-4.0 (Non-identifiable synthetic crop asset),Expert Confirmed Healthy,0.92,"Ethical prototype reference image. Contains zero PII, zero human faces, zero private property."
REF-HEA-003,Rice,healthy,Normal green foliar coloration,Tillering,Research Station Zone A (Simulated),Project-created ethical synthetic benchmark,CC-BY-4.0 (Non-identifiable synthetic crop asset),Expert Confirmed Healthy,0.92,"Ethical prototype reference image. Contains zero PII, zero human faces, zero private property."
REF-FUN-001,Tomato,fungal,Concentric brown spots with chlorotic halo,Flowering,Research Station Zone A (Simulated),Project-created ethical synthetic benchmark,CC-BY-4.0 (Non-identifiable synthetic crop asset),Fungal leaf spot (Alternaria spp.),0.84,"Ethical prototype reference image. Contains zero PII, zero human faces, zero private property."
REF-FUN-002,Potato,fungal,Concentric brown spots with chlorotic halo,Tuberization,Research Station Zone A (Simulated),Project-created ethical synthetic benchmark,CC-BY-4.0 (Non-identifiable synthetic crop asset),Fungal leaf spot (Alternaria spp.),0.84,"Ethical prototype reference image. Contains zero PII, zero human faces, zero private property."
REF-FUN-003,Wheat,fungal,Concentric brown spots with chlorotic halo,Grain filling,Research Station Zone A (Simulated),Project-created ethical synthetic benchmark,CC-BY-4.0 (Non-identifiable synthetic crop asset),Fungal leaf spot (Alternaria spp.),0.84,"Ethical prototype reference image. Contains zero PII, zero human faces, zero private property."
REF-BAC-001,Tomato,bacterial,Angular water-soaked leaf lesions,Fruiting,Research Station Zone A (Simulated),Project-created ethical synthetic benchmark,CC-BY-4.0 (Non-identifiable synthetic crop asset),Bacterial leaf blight (Xanthomonas),0.81,"Ethical prototype reference image. Contains zero PII, zero human faces, zero private property."
REF-BAC-002,Rice,bacterial,Angular water-soaked leaf lesions,Vegetative,Research Station Zone A (Simulated),Project-created ethical synthetic benchmark,CC-BY-4.0 (Non-identifiable synthetic crop asset),Bacterial leaf blight (Xanthomonas),0.81,"Ethical prototype reference image. Contains zero PII, zero human faces, zero private property."
REF-BAC-003,Cassava,bacterial,Angular water-soaked leaf lesions,Mature,Research Station Zone A (Simulated),Project-created ethical synthetic benchmark,CC-BY-4.0 (Non-identifiable synthetic crop asset),Bacterial leaf blight (Xanthomonas),0.81,"Ethical prototype reference image. Contains zero PII, zero human faces, zero private property."
REF-VIR-001,Tomato,viral,Yellow mosaic mottle and leaf puckering,Vegetative,Research Station Zone A (Simulated),Project-created ethical synthetic benchmark,CC-BY-4.0 (Non-identifiable synthetic crop asset),Mosaic virus complex,0.79,"Ethical prototype reference image. Contains zero PII, zero human faces, zero private property."
REF-VIR-002,Cassava,viral,Yellow mosaic mottle and leaf puckering,Flowering,Research Station Zone A (Simulated),Project-created ethical synthetic benchmark,CC-BY-4.0 (Non-identifiable synthetic crop asset),Mosaic virus complex,0.79,"Ethical prototype reference image. Contains zero PII, zero human faces, zero private property."
REF-VIR-003,Papaya,viral,Yellow mosaic mottle and leaf puckering,Fruiting,Research Station Zone A (Simulated),Project-created ethical synthetic benchmark,CC-BY-4.0 (Non-identifiable synthetic crop asset),Mosaic virus complex,0.79,"Ethical prototype reference image. Contains zero PII, zero human faces, zero private property."
REF-ABI-001,Maize,abiotic,Marginal leaf scorch and potassium chlorosis,Seedling,Research Station Zone A (Simulated),Project-created ethical synthetic benchmark,CC-BY-4.0 (Non-identifiable synthetic crop asset),Abiotic nutrient deficiency / heat scorch,0.76,"Ethical prototype reference image. Contains zero PII, zero human faces, zero private property."
REF-ABI-002,Tomato,abiotic,Marginal leaf scorch and potassium chlorosis,Fruiting,Research Station Zone A (Simulated),Project-created ethical synthetic benchmark,CC-BY-4.0 (Non-identifiable synthetic crop asset),Abiotic nutrient deficiency / heat scorch,0.76,"Ethical prototype reference image. Contains zero PII, zero human faces, zero private property."
REF-ABI-003,Wheat,abiotic,Marginal leaf scorch and potassium chlorosis,Tillering,Research Station Zone A (Simulated),Project-created ethical synthetic benchmark,CC-BY-4.0 (Non-identifiable synthetic crop asset),Abiotic nutrient deficiency / heat scorch,0.76,"Ethical prototype reference image. Contains zero PII, zero human faces, zero private property."
